{"recipe":"autoPACKserver/recipes/NM_Analysis_FigureA1.0.json","exteriorRecipe":{"Sphere_radius_25r":{"compNum":0,"encapsulatingRadius":25,"results":[[[640.47067,-12.389201,0],[[0.59819204,0.7110489,0.36956155,0],[0.54114653,-0.018294557,-0.84072929,0],[-0.59103868,0.70290452,-0.3957253,0],[0,0,0,1]]],[[274.05641,170.05331,0],[[-0.41869511,-0.72143772,0.55156325,0],[-0.068141846,-0.58069296,-0.81126591,0],[0.90556673,-0.37725761,0.1939732,0],[0,0,0,1]]],[[521.8387,184.92652,0],[[0.18667777,0.06299655,0.98039933,0],[0.32481781,0.93786039,-0.12211171,0],[-0.92717032,0.34124671,0.15461529,0],[0,0,0,1]]],[[627.05431,409.23559,0],[[0.18361811,-0.13103396,-0.97422507,0],[-0.084474607,-0.98951277,0.11716873,0],[-0.97936124,0.06078298,-0.19276151,0],[0,0,0,1]]],[[884.37839,410.96351,0],[[-0.90573581,-0.39223587,-0.16060406,0],[0.032495484,-0.44207161,0.89639095,0],[-0.42259518,0.80667447,0.41314599,0],[0,0,0,1]]],[[44.700567,440.71781,0],[[0.69872638,0.15984508,-0.69730266,0],[0.70906804,-0.025455996,0.70468042,0],[0.094889168,-0.98681383,-0.13112782,0],[0,0,0,1]]],[[995.23035,438.87733,0],[[0.023823614,-0.95563589,-0.29358556,0],[0.9136474,0.14001984,-0.38163186,0],[0.4058089,-0.25914183,0.87645003,0],[0,0,0,1]]],[[466.80651,466.99767,0],[[-0.058885953,-0.73600723,0.67440774,0],[-0.47507256,-0.57351133,-0.66737607,0],[0.87797409,-0.35969168,-0.31588508,0],[0,0,0,1]]],[[705.38246,460.08715,0],[[0.5613366,0.72468113,-0.39967296,0],[-0.81647339,0.56381744,-0.12442306,0],[0.13517554,0.39616556,0.90817423,0],[0,0,0,1]]],[[951.21065,475.27717,0],[[-0.66014738,-0.73920503,0.13334677,0],[-0.55892874,0.60201822,0.57023918,0],[-0.50180085,0.30191056,-0.81058369,0],[0,0,0,1]]],[[-1.6548476,498.64982,0],[[0.35956733,-0.83637219,0.41375462,0],[0.43647304,-0.24115934,-0.86679493,0],[0.82474397,0.49226388,0.2783409,0],[0,0,0,1]]],[[154.54683,501.01784,0],[[0.98216253,0.16854542,-0.083361886,0],[-0.13910178,0.94957119,0.28100757,0],[0.12652059,-0.26439932,0.95607821,0],[0,0,0,1]]],[[45.252127,529.3176,0],[[-0.28459613,-0.53764206,-0.79369141,0],[-0.8721371,0.4889131,-0.018462333,0],[0.39797225,0.68695342,-0.60804036,0],[0,0,0,1]]],[[258.29447,524.72054,0],[[-0.83169051,0.55092606,0.069075056,0],[0.060426467,0.21347631,-0.97507769,0],[-0.5519416,-0.8067889,-0.21083674,0],[0,0,0,1]]],[[359.68425,525.99182,0],[[0.13430069,-0.14591214,0.98013926,0],[0.95938679,-0.22846683,-0.16546873,0],[0.24807321,0.96255522,0.10930292,0],[0,0,0,1]]],[[410.03877,520.97705,0],[[-0.92476453,-0.17185643,0.3395231,0],[-0.34555817,0.0055743538,-0.93838078,0],[0.15937415,-0.98510623,-0.064541359,0],[0,0,0,1]]],[[838.55229,529.87957,0],[[-0.47125044,-0.84561531,0.25071453,0],[-0.88198642,0.45025863,-0.13916582,0],[0.0047943663,-0.28670876,-0.95800579,0],[0,0,0,1]]],[[947.10606,533.74429,0],[[-0.010011431,-0.99994724,0.002299669,0],[-0.80834515,0.0067393006,-0.58867028,0],[0.58862373,-0.0077523584,-0.80836997,0],[0,0,0,1]]],[[-8.2584794,562.03659,0],[[0.78551355,0.59830626,-0.15810782,0],[0.18325479,-0.46891967,-0.86402085,0],[-0.59108895,0.64972606,-0.47798524,0],[0,0,0,1]]],[[37.673594,581.72979,0],[[-0.52964127,0.16805234,0.83140757,0],[0.13356677,-0.95142507,0.27739907,0],[0.83763957,0.25797042,0.48146777,0],[0,0,0,1]]],[[93.313956,589.87959,0],[[-0.69416739,0.0024294963,0.71980951,0],[0.11718295,-0.98627267,0.11633734,0],[0.71021109,0.16510699,0.68435363,0],[0,0,0,1]]],[[215.22955,590.15761,0],[[-0.69473203,0.37934614,-0.61110057,0],[0.54774122,0.82969162,-0.10766323,0],[0.4661834,-0.40952206,-0.78419686,0],[0,0,0,1]]],[[265.11474,587.26659,0],[[-0.70998809,-0.62440457,-0.32563145,0],[-0.66293181,0.74861383,0.0099369879,0],[0.23756751,0.22292659,-0.94544456,0],[0,0,0,1]]],[[329.07405,582.30174,0],[[0.12919404,-0.60568458,0.78514654,0],[0.98465011,-0.015350277,-0.17386353,0],[0.11735868,0.79555676,0.59440422,0],[0,0,0,1]]],[[615.11053,582.89265,0],[[-0.70247078,0.058970761,-0.70926529,0],[0.59841956,0.58839887,-0.5437654,0],[0.38526464,-0.80641752,-0.44862227,0],[0,0,0,1]]],[[788.1669,580.79609,0],[[-0.98946567,-0.1185307,-0.083115293,0],[0.12266067,-0.9913604,-0.046464177,0],[-0.076889779,-0.056169686,0.99545614,0],[0,0,0,1]]],[[846.16444,589.46711,0],[[0.6163812,-0.13639172,-0.77554594,0],[-0.2427479,0.90400824,-0.35191272,0],[0.7490979,0.40517454,0.52410488,0],[0,0,0,1]]],[[908.34406,585.43739,0],[[-0.36482499,-0.90688016,-0.21088171,0],[-0.78062552,0.17447823,0.60015094,0],[-0.50747072,0.3835697,-0.77158781,0],[0,0,0,1]]],[[-9.9375063,614.75186,0],[[0.81215846,0.33752518,-0.4758943,0],[0.57898168,-0.56686502,0.58604117,0],[-0.071964176,-0.75149238,-0.65580512,0],[0,0,0,1]]],[[535.6098,619.99584,0],[[0.36874292,0.91897266,-0.13970654,0],[-0.92080951,0.38167456,0.080214561,0],[0.12703742,0.099064557,0.98693855,0],[0,0,0,1]]],[[953.25093,609.37348,0],[[-0.19996997,0.697743,0.68787115,0],[-0.14831362,0.67240561,-0.72517154,0],[-0.96851179,-0.24703319,-0.030976136,0],[0,0,0,1]]],[[331.91492,641.93288,0],[[-0.16484048,-0.51505693,0.84115633,0],[-0.25990612,0.84536389,0.46669979,0],[-0.95146015,-0.14169066,-0.27321664,0],[0,0,0,1]]],[[381.81387,646.98399,0],[[-0.68830245,-0.082543351,0.72071238,0],[-0.62360152,0.57491261,-0.52971373,0],[-0.37062229,-0.81404059,-0.44718792,0],[0,0,0,1]]],[[483.00709,646.15601,0],[[0.27974152,-0.78571602,-0.55172005,0],[0.83922198,-0.07899954,0.53802002,0],[-0.46631658,-0.61352213,0.6372907,0],[0,0,0,1]]],[[584.98833,639.6884,0],[[0.60181613,0.79218433,0.10129824,0],[-0.20533688,0.030907945,0.97820318,0],[0.77178631,-0.60949872,0.18126556,0],[0,0,0,1]]],[[645.79823,624.09346,0],[[0.40666377,-0.26590957,-0.87402327,0],[-0.88095113,-0.36753067,-0.298071,0],[-0.24197043,0.89118646,-0.38371474,0],[0,0,0,1]]],[[701.88703,645.50408,0],[[0.70968615,-0.2992459,-0.63780676,0],[0.66773312,0.5744083,0.47348451,0],[0.22467319,-0.7619101,0.60746601,0],[0,0,0,1]]],[[764.56654,634.2884,0],[[-0.49006645,-0.12975474,-0.86197365,0],[-0.85771328,-0.10455938,0.50338381,0],[-0.15544386,0.98601777,-0.060051324,0],[0,0,0,1]]],[[822.59443,637.63928,0],[[0.59530235,0.7516009,-0.28409718,0],[-0.2389585,-0.17197095,-0.9556803,0],[-0.76714663,0.63680616,0.077226708,0],[0,0,0,1]]],[[878.36799,645.88099,0],[[0.23700742,-0.6732895,0.70036328,0],[0.45352535,0.71420857,0.53312369,0],[-0.85915204,0.19127824,0.47462659,0],[0,0,0,1]]]]},"Sphere_radius_25p":{"compNum":0,"encapsulatingRadius":25,