{"recipe":"autoPACKserver/recipes/NM_Analysis_FigureC1.4.json","exteriorRecipe":{"Bacteria_Rad25_1_3":{"compNum":0,"encapsulatingRadius":75,"results":[[[229.59917,715.41915,0],[[-0.99952054,0.03096202,0,0],[-0.03096202,-0.99952054,0,0],[0,0,1,0],[0,0,0,1]]],[[204.25597,384.42367,0],[[-0.80377805,-0.59492934,0,0],[0.59492934,-0.80377805,0,0],[0,0,1,0],[0,0,0,1]]],[[70.217615,321.1735,0],[[-0.98219365,0.18787147,0,0],[-0.18787147,-0.98219365,0,0],[0,0,1,0],[0,0,0,1]]],[[25.262666,123.77999,0],[[-0.79250008,0.6098718,0,0],[-0.6098718,-0.79250008,0,0],[0,0,1,0],[0,0,0,1]]],[[450.77304,415.77085,0],[[-0.98020172,-0.19800133,0,0],[0.19800133,-0.98020172,0,0],[0,0,1,0],[0,0,0,1]]],[[536.23713,481.29029,0],[[-0.91255987,-0.40894312,0,0],[0.40894312,-0.91255987,0,0],[0,0,1,0],[0,0,0,1]]],[[9.5479738,10.394752,0],[[0.96486831,-0.26273409,0,0],[0.26273409,0.96486831,0,0],[0,0,1,0],[0,0,0,1]]],[[409.04137,483.05802,0],[[-0.96764195,-0.25232738,0,0],[0.25232738,-0.96764195,0,0],[0,0,1,0],[0,0,0,1]]],[[79.903581,454.87158,0],[[-0.27580878,0.96121252,0,0],[-0.96121252,-0.27580878,0,0],[0,0,1,0],[0,0,0,1]]],[[726.54697,807.55598,0],[[-0.98816061,-0.15342286,0,0],[0.15342286,-0.98816061,0,0],[0,0,1,0],[0,0,0,1]]],[[908.91728,641.07086,0],[[-0.82236898,-0.56895447,0,0],[0.56895447,-0.82236898,0,0],[0,0,1,0],[0,0,0,1]]],[[693.53658,402.63508,0],[[-0.99831337,-0.058055162,0,0],[0.058055162,-0.99831337,0,0],[0,0,1,0],[0,0,0,1]]],[[994.90335,71.271434,0],[[-0.54308802,-0.83967578,0,0],[0.83967578,-0.54308802,0,0],[0,0,1,0],[0,0,0,1]]],[[293.55823,477.45827,0],[[-0.99705935,-0.076633751,0,0],[0.076633751,-0.99705935,0,0],[0,0,1,0],[0,0,0,1]]],[[610.72159,598.99447,0],[[-0.38455459,-0.92310226,0,0],[0.92310226,-0.38455459,0,0],[0,0,1,0],[0,0,0,1]]],[[22.53257,254.44,0],[[-0.64128852,0.76729977,0,0],[-0.76729977,-0.64128852,0,0],[0,0,1,0],[0,0,0,1]]],[[142.01926,898.35899,0],[[-0.95908517,-0.2831178,0,0],[0.2831178,-0.95908517,0,0],[0,0,1,0],[0,0,0,1]]],[[54.370169,904.64815,0],[[-0.99745244,-0.071335331,0,0],[0.071335331,-0.99745244,0,0],[0,0,1,0],[0,0,0,1]]],[[637.95317,511.60471,0],[[-0.52986813,-0.8480801,0,0],[0.8480801,-0.52986813,0,0],[0,0,1,0],[0,0,0,1]]],[[266.26705,207.63696,0],[[-0.73621511,-0.6767475,0,0],[0.6767475,-0.73621511,0,0],[0,0,1,0],[0,0,0,1]]],[[927.17886,739.10187,0],[[-0.65349495,-0.75693095,0,0],[0.75693095,-0.65349495,0,0],[0,0,1,0],[0,0,0,1]]],[[550.96841,16.284468,0],[[-0.04903882,-0.99879688,0,0],[0.99879688,-0.04903882,0,0],[0,0,1,0],[0,0,0,1]]],[[773.43192,3.3645006,0],[[-0.43812999,-0.89891165,0,0],[0.89891165,-0.43812999,0,0],[0,0,1,0],[0,0,0,1]]],[[325.58095,78.610222,0],[[-0.003502205,-0.99999386,0,0],[0.99999386,-0.003502205,0,0],[0,0,1,0],[0,0,0,1]]],[[734.13997,589.90655,0],[[-0.99744165,0.071485251,0,0],[-0.071485251,-0.99744165,0,0],[0,0,1,0],[0,0,0,1]]],[[43.586328,797.98129,0],[[-0.49367568,0.86964613,0,0],[-0.86964613,-0.49367568,0,0],[0,0,1,0],[0,0,0,1]]],[[176.35227,772.69008,0],[[-0.91819066,-0.39613873,0,0],[0.39613873,-0.91819066,0,0],[0,0,1,0],[0,0,0,1]]],[[774.60075,216.81333,0],[[-0.77323717,-0.63411695,0,0],[0.63411695,-0.77323717,0,0],[0,0,1,0],[0,0,0,1]]],[[426.34734,752.20971,0],[[-0.5095765,0.86042541,0,0],[-0.86042541,-0.5095765,0,0],[0,0,1,0],[0,0,0,1]]],[[538.41197,876.19973,0],[[-0.98748517,-0.15771189,0,0],[0.15771189,-0.98748517,0,0],[0,0,1,0],[0,0,0,1]]],[[828.21482,638.31126,0],[[-0.9881506,-0.15348765,0,0],[0.15348765,-0.9881506,0,0],[0,0,1,0],[0,0,0,1]]],[[842.38149,824.88493,0],[[-0.96947521,0.24518925,0,0],[-0.24518925,-0.96947521,0,0],[0,0,1,0],[0,0,0,1]]],[[938.94241,135.30572,0],[[-0.87569165,-0.4828707,0,0],[0.4828707,-0.87569165,0,0],[0,0,1,0],[0,0,0,1]]],[[377.6891,3.923319,0],[[-0.0077050934,-0.99997032,0,0],[0.99997032,-0.0077050934,0,0],[0,0,1,0],[0,0,0,1]]]]},"IngredientC_1_1":{"compNum":0,"encapsulatingRadius":218.53912,"results":[[[290.63699,150.60117,0],[[-0.32365694,0.9461745,0,0],[-0.9461745,-0.32365694,0,0],[0,0,1,0],[0,0,0,1]]],[[723.35352,257.21872,0],[[0.44196128,-0.89703413,0,0],[0.89703413,0.44196128,0,0],[0,0,1,0],[0,0,0,1]]],[[471.37709,818.67653,0],[[0.96242915,-0.27153291,0,0],[0.27153291,0.96242915,0,0],[0,0,1,0],[0,0,0,1]]]]},"snake":{"compNum":0,"encapsulatingRadius":15,"results":[],"nbCurve":2,"curve0":[[10.960981,571.23328,0],[40.850096,571.23328,0],[68.327948,583.27353,0],[94.749692,597.48239,0],[121.73185,610.59586,0],[150.98781,617.23578,0],[180.9218,615.24672,0],[208.53819,603.52772,0],[236.50851,592.68055,0],[265.20416,583.93071,0],[294.49183,577.43204,0],[324.47389,576.39477,0],[351.39245,589.63829,0],[377.8142,603.84714,0]],"curve1":[[914.05949,996.39221,0],[941.25821,990.03641,0],[971.14616,987.44594,0]]}}}