{"recipe":"autoPACKserver/recipes/NM_Analysis_FigureB1.0.json","exteriorRecipe":{"Sphere_radius_25r":{"compNum":0,"encapsulatingRadius":25,"results":[[[819.51991,864.29819,0],[[0.068799949,0.62759684,0.7754926,0],[0.11918733,-0.77693788,0.61819246,0],[0.99048521,0.049897284,-0.12825488,0],[0,0,0,1]]],[[63.509688,987.56992,0],[[0.22031098,0.69911959,0.68021679,0],[0.75745879,0.31676155,-0.57089255,0],[-0.61458868,0.64101008,-0.45976823,0],[0,0,0,1]]],[[785.709,521.32286,0],[[0.94197332,0.095766138,0.32173765,0],[0.20152588,-0.92784025,-0.31384677,0],[0.26846525,0.36047375,-0.89330011,0],[0,0,0,1]]],[[339.59753,207.16304,0],[[0.52326252,-0.31552474,-0.79160626,0],[-0.39187632,0.73578832,-0.55231196,0],[0.75672273,0.5992159,0.26136377,0],[0,0,0,1]]],[[218.98943,408.53087,0],[[-0.61547851,-0.78505831,0.069782962,0],[-0.76966467,0.61774499,0.16126819,0],[-0.16971301,0.045547623,-0.9844404,0],[0,0,0,1]]],[[835.17952,815.921,0],[[0.086054098,0.91797794,-0.38718367,0],[-0.93381879,0.20976764,0.28979303,0],[0.34724222,0.33662151,0.87527642,0],[0,0,0,1]]],[[85.742665,520.6569,0],[[0.16396242,-0.59285802,-0.78843877,0],[-0.93587295,0.15919117,-0.31432467,0],[0.31186239,0.78941595,-0.52873841,0],[0,0,0,1]]],[[243.96813,555.73419,0],[[0.89391101,-0.42645752,0.13804741,0],[-0.44158084,-0.89072553,0.10777005,0],[0.077003007,-0.15729593,-0.98454483,0],[0,0,0,1]]],[[852.30114,0.67262984,0],[[-0.85568484,-0.50922631,0.092152148,0],[0.065417771,-0.28308403,-0.95686151,0],[0.51334586,-0.8127435,0.27554317,0],[0,0,0,1]]],[[388.87375,943.31025,0],[[0.61889808,-0.15134661,-0.77075247,0],[0.78523918,0.14306958,0.60243715,0],[0.019094411,-0.97807224,0.20738877,0],[0,0,0,1]]],[[935.932,524.46112,0],[[-0.53477262,0.83846685,0.10484077,0],[-0.74611145,-0.52678481,0.40720445,0],[0.39665596,0.13953889,0.90729981,0],[0,0,0,1]]],[[314.47746,620.69363,0],[[0.9124963,-0.1610631,0.37604413,0],[-0.39344939,-0.59724263,0.6989269,0],[0.11201825,-0.78572254,-0.60835187,0],[0,0,0,1]]],[[197.70055,374.52222,0],[[0.54035341,0.81403266,0.21300006,0],[-0.8411455,0.51589635,0.16225045,0],[0.022191217,-0.26683662,0.96348626,0],[0,0,0,1]]],[[172.33944,774.98635,0],[[0.52196941,-0.36849827,0.76925741,0],[0.52357776,0.85038379,0.05209359,0],[-0.67336043,0.37557481,0.63681182,0],[0,0,0,1]]],[[903.48351,198.73711,0],[[-0.65243367,-0.64641282,-0.3955765,0],[0.17736045,0.37723994,-0.90897376,0],[0.73679955,-0.66320472,-0.13147598,0],[0,0,0,1]]],[[115.84683,84.588388,0],[[0.63601526,0.098233257,-0.76539847,0],[-0.75020606,0.31105324,-0.58346959,0],[0.18076355,0.94530213,0.27152979,0],[0,0,0,1]]],[[149.86921,121.36027,0],[[-0.96654208,0.088515034,-0.24075192,0],[-0.19534512,0.35428725,0.91450578,0],[0.16624285,0.93093804,-0.32514256,0],[0,0,0,1]]],[[698.11476,943.24792,0],[[-0.23935811,-0.50719737,0.82792423,0],[0.90332509,0.19629331,0.38140886,0],[-0.35596556,0.83917803,0.41117971,0],[0,0,0,1]]],[[552.69234,405.95711,0],[[0.68398847,0.28361528,0.67210278,0],[-0.66588399,0.61900511,0.41645069,0],[-0.29792327,-0.73238995,0.61224724,0],[0,0,0,1]]],[[883.70424,475.98535,0],[[-0.28890301,0.92917667,-0.23057705,0],[0.95584044,0.2663967,-0.1241042,0],[-0.053889766,-0.25624895,-0.96510744,0],[0,0,0,1]]],[[323.7494,421.07999,0],[[-0.48749396,0.77031185,0.41105873,0],[0.12717498,-0.40312422,0.90626563,0],[0.86381489,0.49407541,0.098556225,0],[0,0,0,1]]],[[43.763105,819.53842,0],[[-0.71852146,-0.53341676,-0.44631096,0],[-0.6777268,0.68114525,0.27699735,0],[0.15624756,0.50150544,-0.85092831,0],[0,0,0,1]]],[[119.2012,149.21598,0],[[0.10867193,0.24592082,-0.96317878,0],[-0.25576468,-0.92938118,-0.26614854,0],[-0.9606117,0.27526999,-0.038099786,0],[0,0,0,1]]],[[50.521192,627.94735,0],[[-0.57879018,0.62475983,0.52409644,0],[-0.5263668,-0.77709449,0.34505384,0],[0.62284823,-0.076153187,0.77862749,0],[0,0,0,1]]],[[311.35886,526.89438,0],[[0.30264203,0.41313794,0.8589091,0],[-0.66640745,-0.55254882,0.50059056,0],[0.68140216,-0.72388317,0.10809371,0],[0,0,0,1]]],[[954.03186,383.44537,0],[[0.77769588,-0.58967222,-0.2178894,0],[-0.62324121,-0.67789174,-0.38991433,0],[0.082216228,0.43903242,-0.89470164,0],[0,0,0,1]]],[[437.09375,958.00702,0],[[-0.534275,-0.84499558,-0.023080159,0],[-0.027105951,-0.010163904,0.99958089,0],[-0.84487602,0.53467669,-0.017474089,0],[0,0,0,1]]],[[119.98847,34.543275,0],[[-0.91023337,0.34914334,0.22265254,0],[-0.35356823,-0.93517258,0.021017842,0],[0.21555679,-0.059591721,0.97467128,0],[0,0,0,1]]],[[775.58434,410.73707,0],[[0.39142495,-0.58657089,-0.70902828,0],[-0.78399963,-0.61599333,0.076790647,0],[-0.48179985,0.52582014,-0.70098651,0],[0,0,0,1]]],[[2.9345761,505.81506,0],[[0.27987772,0.91113781,0.30248365,0],[0.060799431,-0.33126494,0.94157685,0],[0.9581085,-0.24513554,-0.14811034,0],[0,0,0,1]]],[[702.24086,323.71931,0],[[-0.91725895,-0.31614283,-0.24225962,0],[0.29758633,-0.94825425,0.11070795,0],[-0.26472324,0.029454706,0.96387449,0],[0,0,0,1]]],[[463.27432,333.86854,0],[[0.39364385,0.27950066,0.87574191,0],[0.50150128,0.7331077,-0.45940131,0],[-0.77041611,0.62002619,0.1484134,0],[0,0,0,1]]],[[805.30885,720.22653,0],[[0.65434318,0.72253459,-0.22311154,0],[-0.38557013,0.064974061,-0.92038799,0],[-0.6505157,0.68827475,0.32110309,0],[0,0,0,1]]],[[871.48189,55.844783,0],[[-0.96022844,0.12410422,0.25011895,0],[0.17512448,0.96538122,0.19331455,0],[-0.21746899,0.22942808,-0.94872019,0],[0,0,0,1]]],[[775.4672,665.86739,0],[[-0.93825356,-0.046325356,-0.34283263,0],[-0.15494237,0.94231389,0.29671096,0],[0.30931071,0.33150942,-0.89130712,0],[0,0,0,1]]],[[684.7595,814.99415,0],[[0.34024545,0.416018,0.84330425,0],[0.58214032,-0.79748236,0.15853878,0],[0.73847524,0.4369793,-0.5135206,0],[0,0,0,1]]],[[264.16369,372.93227,0],[[0.9913659,0.056985618,-0.11809439,0],[-0.09977991,0.91218053,-0.39745521,0],[0.085074171,0.40580699,0.9099907,0],[0,0,0,1]]],[[130.88501,752.35951,0],[[0.042400214,0.25833508,-0.96512445,0],[-0.98039177,-0.17530765,-0.089995582,0],[-0.19244272,0.9500159,0.2458365,0],[0,0,0,1]]],[[563.19161,353.56907,0],[[-0.037856711,0.99800487,0.050528732,0],[0.22223648,0.057707059,-0.97328354,0],[-0.97425757,-0.025615986,-0.22397769,0],[0,0,0,1]]],[[348.6036,159.9569,0],[[0.1606099,0.47405803,0.86572134,0],[-0.36989404,0.84209515,-0.39249734,0],[-0.91508626,-0.25718621,0.31060005,0],[0,0,0,1]]]]},"Sphere_radius_25p":{"compNum":0,"encapsulatingRadius":25,